<?xml version="1.0" encoding="UTF-8"?>
<payment-settings xmlns="http://www.demandware.com/xml/impex/paymentsettings/2009-09-15">

    <payment-method method-id="CREDIT_CARD">
        <name xml:lang="x-default">Credit Card</name>
        <name xml:lang="fr-FR">Carte de crédit</name>
        <name xml:lang="it-IT">Carta di credito</name>
        <name xml:lang="ja-JP">クレジットカード</name>
        <name xml:lang="zh-CN">信用卡</name>
        <enabled-flag>true</enabled-flag>
        <processor-id>STRIPE_CREDIT</processor-id>
    </payment-method>

    <payment-method method-id="STRIPE_PAYMENT_REQUEST_BTN">
        <name xml:lang="x-default">STRIPE_PAYMENT_REQUEST_BTN</name>
        <enabled-flag>false</enabled-flag>
        <processor-id>STRIPE_CREDIT</processor-id>
    </payment-method>

    <payment-method method-id="STRIPE_PAYMENT_ELEMENT">
        <name xml:lang="x-default">New Payment Method</name>
        <enabled-flag>true</enabled-flag>
        <processor-id>STRIPE_APM</processor-id>
    </payment-method>

</payment-settings>
