{
	"id": "0163c09e-b658-42e1-b9e8-df135c3519cb",
	"name": "SFMC Config Automation Variables",
	"values": [
		{
			"key": "soapEndPoint\n",
			"value": "",
			"type": "text",
			"description": "",
			"enabled": true
		},
		{
			"key": "soapUsername",
			"value": "",
			"description": {
				"content": "",
				"type": "text/plain"
			},
			"enabled": true
		},
		{
			"key": "soapPassword",
			"value": "",
			"description": {
				"content": "",
				"type": "text/plain"
			},
			"enabled": true
		},
		{
			"key": "restEndPoint",
			"value": "",
			"description": {
				"content": "",
				"type": "text/plain"
			},
			"enabled": true
		},
		{
			"key": "authEndPoint",
			"value": "",
			"description": {
				"content": "",
				"type": "text/plain"
			},
			"enabled": true
		},
		{
			"key": "clientId",
			"value": "",
			"description": {
				"content": "",
				"type": "text/plain"
			},
			"enabled": true
		},
		{
			"key": "clientSecret",
			"value": "\n",
			"description": {
				"content": "",
				"type": "text/plain"
			},
			"enabled": true
		},
		{
			"key": "accessToken",
			"value": "",
			"description": {
				"content": "",
				"type": "text/plain"
			},
			"enabled": true
		},
		{
			"key": "sfmcClientId",
			"value": "",
			"description": {
				"content": "",
				"type": "text/plain"
			},
			"enabled": true
		},
		{
			"key": "sfmcTrigSendTemplateId",
			"value": "",
			"description": {
				"content": "",
				"type": "text/plain"
			},
			"enabled": true
		},
		{
			"key": "accountCreatedEmailId",
			"value": "",
			"enabled": true
		},
		{
			"key": "accountUpdatedEmailId",
			"value": "",
			"description": {
				"content": "",
				"type": "text/plain"
			},
			"enabled": true
		},
		{
			"key": "accountLockedEmailId",
			"value": "",
			"description": {
				"content": "",
				"type": "text/plain"
			},
			"enabled": true
		},
		{
			"key": "passwordchangedEmailId",
			"value": "",
			"description": {
				"content": "",
				"type": "text/plain"
			},
			"enabled": true
		},
		{
			"key": "passwordresetEmailId",
			"value": "",
			"description": {
				"content": "",
				"type": "text/plain"
			},
			"enabled": true
		},
		{
			"key": "contactUsEmailId",
			"value": "",
			"description": {
				"content": "",
				"type": "text/plain"
			},
			"enabled": true
		},
		{
			"key": "giftcertificateEmailId",
			"value": "",
			"description": {
				"content": "",
				"type": "text/plain"
			},
			"enabled": true
		},
		{
			"key": "orderConfirmationEmailId",
			"value": "",
			"description": {
				"content": "",
				"type": "text/plain"
			},
			"enabled": true
		}
	],
	"_postman_variable_scope": "environment",
	"_postman_exported_at": "2019-04-29T18:19:54.797Z",
	"_postman_exported_using": "Postman/6.7.4"
}
