{
    "customers.create": {
        "id": "cus_FC8AIrhLkUmwrA",
        "object": "customer",
        "account_balance": 0,
        "address": null,
        "balance": 0,
        "created": 1559682674,
        "currency": "gbp",
        "default_source": null,
        "delinquent": false,
        "description": null,
        "discount": null,
        "email": null,
        "invoice_prefix": "0F1B971",
        "invoice_settings": {
            "custom_fields": null,
            "default_payment_method": null,
            "footer": null
        },
        "livemode": false,
        "metadata": {},
        "name": null,
        "phone": null,
        "preferred_locales": [],
        "shipping": null,
        "sources": {
            "object": "list",
            "data": [],
            "has_more": false,
            "total_count": 0,
            "url": "/v1/customers/cus_FC8AIrhLkUmwrA/sources"
        },
        "subscriptions": {
            "object": "list",
            "data": [],
            "has_more": false,
            "total_count": 0,
            "url": "/v1/customers/cus_FC8AIrhLkUmwrA/subscriptions"
        },
        "tax_exempt": "none",
        "tax_ids": {
            "object": "list",
            "data": [],
            "has_more": false,
            "total_count": 0,
            "url": "/v1/customers/cus_FC8AIrhLkUmwrA/tax_ids"
        },
        "tax_info": null,
        "tax_info_verification": null
    },
    "customers.retrieve": {
        "id": "cus_FC8AIrhLkUmwrA",
        "object": "customer",
        "account_balance": 0,
        "address": null,
        "balance": 0,
        "created": 1559682674,
        "currency": "gbp",
        "default_source": null,
        "delinquent": false,
        "description": null,
        "discount": null,
        "email": null,
        "invoice_prefix": "0F1B971",
        "invoice_settings": {
            "custom_fields": null,
            "default_payment_method": null,
            "footer": null
        },
        "livemode": false,
        "metadata": {},
        "name": null,
        "phone": null,
        "preferred_locales": [],
        "shipping": null,
        "sources": {
            "object": "list",
            "data": [],
            "has_more": false,
            "total_count": 0,
            "url": "/v1/customers/cus_FC8AIrhLkUmwrA/sources"
        },
        "subscriptions": {
            "object": "list",
            "data": [],
            "has_more": false,
            "total_count": 0,
            "url": "/v1/customers/cus_FC8AIrhLkUmwrA/subscriptions"
        },
        "tax_exempt": "none",
        "tax_ids": {
            "object": "list",
            "data": [],
            "has_more": false,
            "total_count": 0,
            "url": "/v1/customers/cus_FC8AIrhLkUmwrA/tax_ids"
        },
        "tax_info": null,
        "tax_info_verification": null
    },
    "customers.update": {
        "id": "cus_FC8AIrhLkUmwrA",
        "object": "customer",
        "account_balance": 0,
        "address": null,
        "balance": 0,
        "created": 1559682674,
        "currency": "gbp",
        "default_source": null,
        "delinquent": false,
        "description": null,
        "discount": null,
        "email": null,
        "invoice_prefix": "0F1B971",
        "invoice_settings": {
            "custom_fields": null,
            "default_payment_method": null,
            "footer": null
        },
        "livemode": false,
        "metadata": {},
        "name": null,
        "phone": null,
        "preferred_locales": [],
        "shipping": null,
        "sources": {
            "object": "list",
            "data": [],
            "has_more": false,
            "total_count": 0,
            "url": "/v1/customers/cus_FC8AIrhLkUmwrA/sources"
        },
        "subscriptions": {
            "object": "list",
            "data": [],
            "has_more": false,
            "total_count": 0,
            "url": "/v1/customers/cus_FC8AIrhLkUmwrA/subscriptions"
        },
        "tax_exempt": "none",
        "tax_ids": {
            "object": "list",
            "data": [],
            "has_more": false,
            "total_count": 0,
            "url": "/v1/customers/cus_FC8AIrhLkUmwrA/tax_ids"
        },
        "tax_info": null,
        "tax_info_verification": null
    },
    "customers.delete": {
        "id": "cus_FC8AIrhLkUmwrA",
        "object": "customer",
        "deleted": true
    },
    "customers.retrieve_source": {
    	"id":"ba_1Gikm6I7LppFHGIyyhec9pNm",
    	"object":"bank_account",
    	"account_holder_name":"Test Testov",
    	"account_holder_type":"individual",
    	"bank_name":"STRIPE TEST BANK",
    	"country":"US",
    	"currency":"usd",
    	"customer":"cus_HHJPPKt78rvuQO",
    	"fingerprint":"K98YrP9Rk2x6IWtq",
    	"last4":"6789",
    	"metadata":{},
    	"routing_number":"110000000",
    	"status":"verified"
    },
    "customers.verify_bank_account": {
    	"id":"ba_1Gikm6I7LppFHGIyyhec9pNm",
    	"object":"bank_account",
    	"account_holder_name":"Test Testov",
    	"account_holder_type":"individual",
    	"bank_name":"STRIPE TEST BANK",
    	"country":"US",
    	"currency":"usd",
    	"customer":"cus_HHJPPKt78rvuQO",
    	"fingerprint":"K98YrP9Rk2x6IWtq",
    	"last4":"6789",
    	"metadata":{},
    	"routing_number":"110000000",
    	"status":"verified"
    },
    "paymentMethods.create": {
        "id": "pm_1EUmyr2x6R10KRrhlYS3l97f",
        "object": "payment_method",
        "billing_details": {
            "address": {
                "city": null,
                "country": null,
                "line1": null,
                "line2": null,
                "postal_code": null,
                "state": null
            },
            "email": null,
            "name": null,
            "phone": null
        },
        "card": {
            "brand": "visa",
            "checks": {
                "address_line1_check": null,
                "address_postal_code_check": null,
                "cvc_check": null
            },
            "country": "US",
            "exp_month": 8,
            "exp_year": 2020,
            "fingerprint": "0Kibh5yAgbiiwPEL",
            "funding": "credit",
            "generated_from": null,
            "last4": "4242",
            "three_d_secure_usage": {
                "supported": true
            },
            "wallet": null
        },
        "created": 1556596209,
        "customer": null,
        "livemode": false,
        "metadata": {},
        "type": "card"
    },
    "paymentMethods.retrieve": {
        "id": "pm_1EUmyr2x6R10KRrhlYS3l97f",
        "object": "payment_method",
        "billing_details": {
            "address": {
                "city": null,
                "country": null,
                "line1": null,
                "line2": null,
                "postal_code": null,
                "state": null
            },
            "email": null,
            "name": null,
            "phone": null
        },
        "card": {
            "brand": "visa",
            "checks": {
                "address_line1_check": null,
                "address_postal_code_check": null,
                "cvc_check": null
            },
            "country": "US",
            "exp_month": 8,
            "exp_year": 2020,
            "fingerprint": "0Kibh5yAgbiiwPEL",
            "funding": "credit",
            "generated_from": null,
            "last4": "4242",
            "three_d_secure_usage": {
                "supported": true
            },
            "wallet": null
        },
        "created": 1556596209,
        "customer": "cus_3fB4ABQzA6QjVL",
        "livemode": false,
        "metadata": {},
        "type": "card"
    },
    "paymentMethods.update": {
        "id": "pm_1EUmyr2x6R10KRrhlYS3l97f",
        "object": "payment_method",
        "billing_details": {
            "address": {
                "city": null,
                "country": null,
                "line1": null,
                "line2": null,
                "postal_code": null,
                "state": null
            },
            "email": null,
            "name": null,
            "phone": null
        },
        "card": {
            "brand": "visa",
            "checks": {
                "address_line1_check": null,
                "address_postal_code_check": null,
                "cvc_check": null
            },
            "country": "US",
            "exp_month": 8,
            "exp_year": 2020,
            "fingerprint": "0Kibh5yAgbiiwPEL",
            "funding": "credit",
            "generated_from": null,
            "last4": "4242",
            "three_d_secure_usage": {
                "supported": true
            },
            "wallet": null
        },
        "created": 1556596209,
        "customer": "cus_3fB4ABQzA6QjVL",
        "livemode": false,
        "metadata": {
            "order_id": "6735"
        },
        "type": "card"
    },
    "paymentMethods.list": {
        "object": "list",
        "url": "/v1/payment_methods",
        "has_more": false,
        "data": [
            {
                "id": "pm_1EUmyr2x6R10KRrhlYS3l97f",
                "object": "payment_method",
                "billing_details": {
                    "address": {
                        "city": null,
                        "country": null,
                        "line1": null,
                        "line2": null,
                        "postal_code": null,
                        "state": null
                    },
                    "email": null,
                    "name": null,
                    "phone": null
                },
                "card": {
                    "brand": "visa",
                    "checks": {
                        "address_line1_check": null,
                        "address_postal_code_check": null,
                        "cvc_check": null
                    },
                    "country": "US",
                    "exp_month": 8,
                    "exp_year": 2020,
                    "fingerprint": "0Kibh5yAgbiiwPEL",
                    "funding": "credit",
                    "generated_from": null,
                    "last4": "4242",
                    "three_d_secure_usage": {
                        "supported": true
                    },
                    "wallet": null
                },
                "created": 1556596209,
                "customer": null,
                "livemode": false,
                "metadata": {},
                "type": "card"
            }
        ]
    },
    "paymentMethods.attach": {
        "id": "pm_1EUmyr2x6R10KRrhlYS3l97f",
        "object": "payment_method",
        "billing_details": {
            "address": {
                "city": null,
                "country": null,
                "line1": null,
                "line2": null,
                "postal_code": null,
                "state": null
            },
            "email": null,
            "name": null,
            "phone": null
        },
        "card": {
            "brand": "visa",
            "checks": {
                "address_line1_check": null,
                "address_postal_code_check": null,
                "cvc_check": null
            },
            "country": "US",
            "exp_month": 8,
            "exp_year": 2020,
            "fingerprint": "0Kibh5yAgbiiwPEL",
            "funding": "credit",
            "generated_from": null,
            "last4": "4242",
            "three_d_secure_usage": {
                "supported": true
            },
            "wallet": null
        },
        "created": 1556596209,
        "customer": "cus_3fB4ABQzA6QjVL",
        "livemode": false,
        "metadata": {},
        "type": "card"
    },
    "paymentMethods.detach": {
        "id": "pm_1EUmyr2x6R10KRrhlYS3l97f",
        "object": "payment_method",
        "billing_details": {
            "address": {
                "city": null,
                "country": null,
                "line1": null,
                "line2": null,
                "postal_code": null,
                "state": null
            },
            "email": null,
            "name": null,
            "phone": null
        },
        "card": {
            "brand": "visa",
            "checks": {
                "address_line1_check": null,
                "address_postal_code_check": null,
                "cvc_check": null
            },
            "country": "US",
            "exp_month": 8,
            "exp_year": 2020,
            "fingerprint": "0Kibh5yAgbiiwPEL",
            "funding": "credit",
            "generated_from": null,
            "last4": "4242",
            "three_d_secure_usage": {
                "supported": true
            },
            "wallet": null
        },
        "created": 1556596209,
        "customer": null,
        "livemode": false,
        "metadata": {},
        "type": "card"
    },

    "paymentIntents.create": {
        "id": "pi_1Ef06ZJUgELwbiO2noeJwXFp",
        "object": "payment_intent",
        "amount": 2000,
        "amount_capturable": 0,
        "amount_received": 0,
        "application": null,
        "application_fee_amount": null,
        "canceled_at": null,
        "cancellation_reason": null,
        "capture_method": "automatic",
        "charges": {
            "object": "list",
            "data": [],
            "has_more": false,
            "total_count": 0,
            "url": "/v1/charges?payment_intent=pi_1Ef06ZJUgELwbiO2noeJwXFp"
        },
        "client_secret": "pi_1Ef06ZJUgELwbiO2noeJwXFp_secret_kxysFintp0FMs1j8XEk214L1U",
        "confirmation_method": "automatic",
        "created": 1559029939,
        "currency": "usd",
        "customer": null,
        "description": null,
        "invoice": null,
        "last_payment_error": null,
        "livemode": false,
        "metadata": {},
        "next_action": null,
        "on_behalf_of": null,
        "payment_method": null,
        "payment_method_types": [
            "card"
        ],
        "receipt_email": null,
        "review": null,
        "shipping": null,
        "source": null,
        "statement_descriptor": null,
        "status": "requires_payment_method",
        "transfer_data": null,
        "transfer_group": null
    },
    "paymentIntents.retrieve": {
        "id": "pi_1Ef06ZJUgELwbiO2noeJwXFp",
        "object": "payment_intent",
        "amount": 1099,
        "amount_capturable": 0,
        "amount_received": 0,
        "application": null,
        "application_fee_amount": null,
        "canceled_at": null,
        "cancellation_reason": null,
        "capture_method": "automatic",
        "charges": {
            "object": "list",
            "data": [],
            "has_more": false,
            "total_count": 0,
            "url": "/v1/charges?payment_intent=pi_1Ef06ZJUgELwbiO2noeJwXFp"
        },
        "client_secret": "pi_1Ef06ZJUgELwbiO2noeJwXFp_secret_kxysFintp0FMs1j8XEk214L1U",
        "confirmation_method": "automatic",
        "created": 1559029939,
        "currency": "gbp",
        "customer": null,
        "description": null,
        "invoice": null,
        "last_payment_error": null,
        "livemode": false,
        "metadata": {},
        "next_action": null,
        "on_behalf_of": null,
        "payment_method": null,
        "payment_method_types": [
            "card"
        ],
        "receipt_email": null,
        "review": null,
        "shipping": null,
        "source": null,
        "statement_descriptor": null,
        "status": "requires_payment_method",
        "transfer_data": null,
        "transfer_group": null
    },
    "paymentIntents.update": {
        "id": "pi_1Ef06ZJUgELwbiO2noeJwXFp",
        "object": "payment_intent",
        "amount": 1099,
        "amount_capturable": 0,
        "amount_received": 0,
        "application": null,
        "application_fee_amount": null,
        "canceled_at": null,
        "cancellation_reason": null,
        "capture_method": "automatic",
        "charges": {
            "object": "list",
            "data": [],
            "has_more": false,
            "total_count": 0,
            "url": "/v1/charges?payment_intent=pi_1Ef06ZJUgELwbiO2noeJwXFp"
        },
        "client_secret": "pi_1Ef06ZJUgELwbiO2noeJwXFp_secret_kxysFintp0FMs1j8XEk214L1U",
        "confirmation_method": "automatic",
        "created": 1559029939,
        "currency": "gbp",
        "customer": null,
        "description": null,
        "invoice": null,
        "last_payment_error": null,
        "livemode": false,
        "metadata": {
            "order_id": "6735"
        },
        "next_action": null,
        "on_behalf_of": null,
        "payment_method": null,
        "payment_method_types": [
            "card"
        ],
        "receipt_email": null,
        "review": null,
        "shipping": null,
        "source": null,
        "statement_descriptor": null,
        "status": "requires_payment_method",
        "transfer_data": null,
        "transfer_group": null
    },
    "paymentIntents.confirm": {
        "id": "pi_1Ef06ZJUgELwbiO2noeJwXFp",
        "object": "payment_intent",
        "amount": 1000,
        "amount_capturable": 0,
        "amount_received": 1000,
        "application": null,
        "application_fee_amount": null,
        "canceled_at": null,
        "cancellation_reason": null,
        "capture_method": "automatic",
        "charges": {
            "object": "list",
            "data": [
                {
                    "id": "ch_1EhYauJUgELwbiO2siy3VeCu",
                    "object": "charge",
                    "amount": 1000,
                    "amount_refunded": 0,
                    "application": null,
                    "application_fee": null,
                    "application_fee_amount": null,
                    "balance_transaction": "txn_1EhYauJUgELwbiO2T4cAREzK",
                    "billing_details": {
                        "address": {
                            "city": null,
                            "country": null,
                            "line1": null,
                            "line2": null,
                            "postal_code": null,
                            "state": null
                        },
                        "email": null,
                        "name": null,
                        "phone": null
                    },
                    "captured": true,
                    "created": 1559639172,
                    "currency": "gbp",
                    "customer": "cus_F7yoM9ykWXZllg",
                    "description": null,
                    "destination": null,
                    "dispute": null,
                    "failure_code": null,
                    "failure_message": null,
                    "fraud_details": {},
                    "invoice": null,
                    "livemode": false,
                    "metadata": {},
                    "on_behalf_of": null,
                    "order": null,
                    "outcome": {
                        "network_status": "approved_by_network",
                        "reason": null,
                        "risk_level": "normal",
                        "risk_score": 14,
                        "seller_message": "Payment complete.",
                        "type": "authorized"
                    },
                    "paid": true,
                    "payment_intent": "pi_1Ef06ZJUgELwbiO2noeJwXFp",
                    "payment_method": "card_1EdiqsJUgELwbiO2CgBs5txB",
                    "payment_method_details": {
                        "card": {
                            "brand": "visa",
                            "checks": {
                                "address_line1_check": null,
                                "address_postal_code_check": null,
                                "cvc_check": null
                            },
                            "country": "US",
                            "description": "Visa Classic",
                            "exp_month": 5,
                            "exp_year": 2020,
                            "fingerprint": "dee5R49R8WcMbllB",
                            "funding": "credit",
                            "last4": "4242",
                            "three_d_secure": null,
                            "wallet": null
                        },
                        "type": "card"
                    },
                    "receipt_email": null,
                    "receipt_number": null,
                    "receipt_url": "https://pay.stripe.com/receipts/acct_1EAeaPJUgELwbiO2/ch_1EhYauJUgELwbiO2siy3VeCu/rcpt_FBwTlEEfGUfbejqmWkwkLHBgiQ5eK5F",
                    "refunded": false,
                    "refunds": {
                        "object": "list",
                        "data": [],
                        "has_more": false,
                        "total_count": 0,
                        "url": "/v1/charges/ch_1EhYauJUgELwbiO2siy3VeCu/refunds"
                    },
                    "review": null,
                    "shipping": null,
                    "source": null,
                    "source_transfer": null,
                    "statement_descriptor": null,
                    "status": "succeeded",
                    "transfer_data": null,
                    "transfer_group": null
                }
            ],
            "has_more": false,
            "total_count": 1,
            "url": "/v1/charges?payment_intent=pi_1Ef06ZJUgELwbiO2noeJwXFp"
        },
        "client_secret": "pi_1Ef06ZJUgELwbiO2noeJwXFp_secret_nwmNxD1mskAmqZDa1wYFl2GlQ",
        "confirmation_method": "manual",
        "created": 1559639171,
        "currency": "gbp",
        "customer": "cus_F7yoM9ykWXZllg",
        "description": null,
        "invoice": null,
        "last_payment_error": null,
        "livemode": false,
        "metadata": {},
        "next_action": null,
        "on_behalf_of": null,
        "payment_method": "card_1EdiqsJUgELwbiO2CgBs5txB",
        "payment_method_types": [
            "card"
        ],
        "receipt_email": null,
        "review": null,
        "shipping": null,
        "source": null,
        "statement_descriptor": null,
        "status": "succeeded",
        "transfer_data": null,
        "transfer_group": null
    },
    "paymentIntents.capture": {
        "id": "pi_1EUmyp2x6R10KRrhz0WmtMnF",
        "object": "payment_intent",
        "amount": 1000,
        "amount_capturable": 0,
        "amount_received": 1000,
        "application": null,
        "application_fee_amount": null,
        "canceled_at": null,
        "cancellation_reason": null,
        "capture_method": "automatic",
        "charges": {
            "object": "list",
            "data": [
                {
                    "id": "ch_1EhYauJUgELwbiO2siy3VeCu",
                    "object": "charge",
                    "amount": 1000,
                    "amount_refunded": 0,
                    "application": null,
                    "application_fee": null,
                    "application_fee_amount": null,
                    "balance_transaction": "txn_1EhYauJUgELwbiO2T4cAREzK",
                    "billing_details": {
                        "address": {
                            "city": null,
                            "country": null,
                            "line1": null,
                            "line2": null,
                            "postal_code": null,
                            "state": null
                        },
                        "email": null,
                        "name": null,
                        "phone": null
                    },
                    "captured": true,
                    "created": 1559639172,
                    "currency": "gbp",
                    "customer": "cus_F7yoM9ykWXZllg",
                    "description": null,
                    "destination": null,
                    "dispute": null,
                    "failure_code": null,
                    "failure_message": null,
                    "fraud_details": {},
                    "invoice": null,
                    "livemode": false,
                    "metadata": {},
                    "on_behalf_of": null,
                    "order": null,
                    "outcome": {
                        "network_status": "approved_by_network",
                        "reason": null,
                        "risk_level": "normal",
                        "risk_score": 14,
                        "seller_message": "Payment complete.",
                        "type": "authorized"
                    },
                    "paid": true,
                    "payment_intent": "pi_1EUmyp2x6R10KRrhz0WmtMnF",
                    "payment_method": "card_1EdiqsJUgELwbiO2CgBs5txB",
                    "payment_method_details": {
                        "card": {
                            "brand": "visa",
                            "checks": {
                                "address_line1_check": null,
                                "address_postal_code_check": null,
                                "cvc_check": null
                            },
                            "country": "US",
                            "description": "Visa Classic",
                            "exp_month": 5,
                            "exp_year": 2020,
                            "fingerprint": "dee5R49R8WcMbllB",
                            "funding": "credit",
                            "last4": "4242",
                            "three_d_secure": null,
                            "wallet": null
                        },
                        "type": "card"
                    },
                    "receipt_email": null,
                    "receipt_number": null,
                    "receipt_url": "https://pay.stripe.com/receipts/acct_1EAeaPJUgELwbiO2/ch_1EhYauJUgELwbiO2siy3VeCu/rcpt_FBwTlEEfGUfbejqmWkwkLHBgiQ5eK5F",
                    "refunded": false,
                    "refunds": {
                        "object": "list",
                        "data": [],
                        "has_more": false,
                        "total_count": 0,
                        "url": "/v1/charges/ch_1EhYauJUgELwbiO2siy3VeCu/refunds"
                    },
                    "review": null,
                    "shipping": null,
                    "source": null,
                    "source_transfer": null,
                    "statement_descriptor": null,
                    "status": "succeeded",
                    "transfer_data": null,
                    "transfer_group": null
                }
            ],
            "has_more": false,
            "total_count": 1,
            "url": "/v1/charges?payment_intent=pi_1EUmyp2x6R10KRrhz0WmtMnF"
        },
        "client_secret": "pi_1EUmyp2x6R10KRrhz0WmtMnF_secret_nwmNxD1mskAmqZDa1wYFl2GlQ",
        "confirmation_method": "manual",
        "created": 1559639171,
        "currency": "gbp",
        "customer": "cus_F7yoM9ykWXZllg",
        "description": null,
        "invoice": null,
        "last_payment_error": null,
        "livemode": false,
        "metadata": {},
        "next_action": null,
        "on_behalf_of": null,
        "payment_method": "card_1EdiqsJUgELwbiO2CgBs5txB",
        "payment_method_types": [
            "card"
        ],
        "receipt_email": null,
        "review": null,
        "shipping": null,
        "source": null,
        "statement_descriptor": null,
        "status": "succeeded",
        "transfer_data": null,
        "transfer_group": null
    },
    "paymentIntents.cancel": {
        "id": "pi_1Ef06ZJUgELwbiO2noeJwXFp",
        "object": "payment_intent",
        "amount": 1099,
        "amount_capturable": 0,
        "amount_received": 0,
        "application": null,
        "application_fee_amount": null,
        "canceled_at": null,
        "cancellation_reason": null,
        "capture_method": "automatic",
        "charges": {
            "object": "list",
            "data": [],
            "has_more": false,
            "total_count": 0,
            "url": "/v1/charges?payment_intent=pi_1Ef06ZJUgELwbiO2noeJwXFp"
        },
        "client_secret": "pi_1Ef06ZJUgELwbiO2noeJwXFp_secret_kxysFintp0FMs1j8XEk214L1U",
        "confirmation_method": "automatic",
        "created": 1559029939,
        "currency": "gbp",
        "customer": null,
        "description": null,
        "invoice": null,
        "last_payment_error": null,
        "livemode": false,
        "metadata": {},
        "next_action": null,
        "on_behalf_of": null,
        "payment_method": null,
        "payment_method_types": [
            "card"
        ],
        "receipt_email": null,
        "review": null,
        "shipping": null,
        "source": null,
        "statement_descriptor": null,
        "status": "canceled",
        "transfer_data": null,
        "transfer_group": null
    },

    "charges.create": {
        "id": "ch_1EhzqRJUgELwbiO2AeakLoOK",
        "object": "charge",
        "amount": 100,
        "amount_refunded": 0,
        "application": null,
        "application_fee": null,
        "application_fee_amount": null,
        "balance_transaction": "txn_1EhCe9JUgELwbiO2Vx2QmZ6U",
        "billing_details": {
            "address": {
                "city": null,
                "country": null,
                "line1": null,
                "line2": null,
                "postal_code": null,
                "state": null
            },
            "email": null,
            "name": "Jenny Rosen",
            "phone": null
        },
        "captured": false,
        "created": 1559743923,
        "currency": "gbp",
        "customer": null,
        "description": "My First Test Charge (CREATE)",
        "destination": null,
        "dispute": null,
        "failure_code": null,
        "failure_message": null,
        "fraud_details": {},
        "invoice": null,
        "livemode": false,
        "metadata": {},
        "on_behalf_of": null,
        "order": null,
        "outcome": null,
        "paid": true,
        "payment_intent": null,
        "payment_method": "card_1EhzHJJUgELwbiO2ynYj2xX4",
        "payment_method_details": {
            "card": {
                "brand": "visa",
                "checks": {
                    "address_line1_check": null,
                    "address_postal_code_check": null,
                    "cvc_check": null
                },
                "country": "US",
                "description": "Visa Classic",
                "exp_month": 8,
                "exp_year": 2020,
                "fingerprint": "dee5R49R8WcMbllB",
                "funding": "credit",
                "last4": "4242",
                "three_d_secure": null,
                "wallet": null
            },
            "type": "card"
        },
        "receipt_email": null,
        "receipt_number": null,
        "receipt_url": "https://pay.stripe.com/receipts/acct_1EAeaPJUgELwbiO2/ch_1EhzqRJUgELwbiO2AeakLoOK/rcpt_FCOd0hsq0WYGMHElw6iKNAP1VUZCGA2",
        "refunded": false,
        "refunds": {
            "object": "list",
            "data": [],
            "has_more": false,
            "total_count": 0,
            "url": "/v1/charges/ch_1EhzqRJUgELwbiO2AeakLoOK/refunds"
        },
        "review": null,
        "shipping": null,
        "source": {
            "id": "card_1EhzHJJUgELwbiO2ynYj2xX4",
            "object": "card",
            "address_city": null,
            "address_country": null,
            "address_line1": null,
            "address_line1_check": null,
            "address_line2": null,
            "address_state": null,
            "address_zip": null,
            "address_zip_check": null,
            "brand": "Visa",
            "country": "US",
            "customer": null,
            "cvc_check": null,
            "dynamic_last4": null,
            "exp_month": 8,
            "exp_year": 2020,
            "fingerprint": "dee5R49R8WcMbllB",
            "funding": "credit",
            "last4": "4242",
            "metadata": {},
            "name": "Jenny Rosen",
            "tokenization_method": null
        },
        "source_transfer": null,
        "statement_descriptor": null,
        "status": "succeeded",
        "transfer_data": null,
        "transfer_group": null
    },
    "charges.retrieve": {
        "id": "ch_1EhzqRJUgELwbiO2AeakLoOK",
        "object": "charge",
        "amount": 100,
        "amount_refunded": 0,
        "application": null,
        "application_fee": null,
        "application_fee_amount": null,
        "balance_transaction": "txn_1EhCe9JUgELwbiO2Vx2QmZ6U",
        "billing_details": {
            "address": {
                "city": null,
                "country": null,
                "line1": null,
                "line2": null,
                "postal_code": null,
                "state": null
            },
            "email": null,
            "name": "Jenny Rosen",
            "phone": null
        },
        "captured": false,
        "created": 1559743923,
        "currency": "gbp",
        "customer": null,
        "description": "My First Test Charge (RETRIEVE)",
        "destination": null,
        "dispute": null,
        "failure_code": null,
        "failure_message": null,
        "fraud_details": {},
        "invoice": null,
        "livemode": false,
        "metadata": {},
        "on_behalf_of": null,
        "order": null,
        "outcome": null,
        "paid": true,
        "payment_intent": null,
        "payment_method": "card_1EhzHJJUgELwbiO2ynYj2xX4",
        "payment_method_details": {
            "card": {
                "brand": "visa",
                "checks": {
                    "address_line1_check": null,
                    "address_postal_code_check": null,
                    "cvc_check": null
                },
                "country": "US",
                "description": "Visa Classic",
                "exp_month": 8,
                "exp_year": 2020,
                "fingerprint": "dee5R49R8WcMbllB",
                "funding": "credit",
                "last4": "4242",
                "three_d_secure": null,
                "wallet": null
            },
            "type": "card"
        },
        "receipt_email": null,
        "receipt_number": null,
        "receipt_url": "https://pay.stripe.com/receipts/acct_1EAeaPJUgELwbiO2/ch_1EhzqRJUgELwbiO2AeakLoOK/rcpt_FCOd0hsq0WYGMHElw6iKNAP1VUZCGA2",
        "refunded": false,
        "refunds": {
            "object": "list",
            "data": [],
            "has_more": false,
            "total_count": 0,
            "url": "/v1/charges/ch_1EhzqRJUgELwbiO2AeakLoOK/refunds"
        },
        "review": null,
        "shipping": null,
        "source": {
            "id": "card_1EhzHJJUgELwbiO2ynYj2xX4",
            "object": "card",
            "address_city": null,
            "address_country": null,
            "address_line1": null,
            "address_line1_check": null,
            "address_line2": null,
            "address_state": null,
            "address_zip": null,
            "address_zip_check": null,
            "brand": "Visa",
            "country": "US",
            "customer": null,
            "cvc_check": null,
            "dynamic_last4": null,
            "exp_month": 8,
            "exp_year": 2020,
            "fingerprint": "dee5R49R8WcMbllB",
            "funding": "credit",
            "last4": "4242",
            "metadata": {},
            "name": "Jenny Rosen",
            "tokenization_method": null
        },
        "source_transfer": null,
        "statement_descriptor": null,
        "status": "succeeded",
        "transfer_data": null,
        "transfer_group": null
    },
    "charges.update": {
        "id": "ch_1EhzqRJUgELwbiO2AeakLoOK",
        "object": "charge",
        "amount": 100,
        "amount_refunded": 0,
        "application": null,
        "application_fee": null,
        "application_fee_amount": null,
        "balance_transaction": "txn_1EhCe9JUgELwbiO2Vx2QmZ6U",
        "billing_details": {
            "address": {
                "city": null,
                "country": null,
                "line1": null,
                "line2": null,
                "postal_code": null,
                "state": null
            },
            "email": null,
            "name": "Jenny Rosen",
            "phone": null
        },
        "captured": false,
        "created": 1559743923,
        "currency": "gbp",
        "customer": null,
        "description": "My First Test Charge (UPDATE)",
        "destination": null,
        "dispute": null,
        "failure_code": null,
        "failure_message": null,
        "fraud_details": {},
        "invoice": null,
        "livemode": false,
        "metadata": {},
        "on_behalf_of": null,
        "order": null,
        "outcome": null,
        "paid": true,
        "payment_intent": null,
        "payment_method": "card_1EhzHJJUgELwbiO2ynYj2xX4",
        "payment_method_details": {
            "card": {
                "brand": "visa",
                "checks": {
                    "address_line1_check": null,
                    "address_postal_code_check": null,
                    "cvc_check": null
                },
                "country": "US",
                "description": "Visa Classic",
                "exp_month": 8,
                "exp_year": 2020,
                "fingerprint": "dee5R49R8WcMbllB",
                "funding": "credit",
                "last4": "4242",
                "three_d_secure": null,
                "wallet": null
            },
            "type": "card"
        },
        "receipt_email": null,
        "receipt_number": null,
        "receipt_url": "https://pay.stripe.com/receipts/acct_1EAeaPJUgELwbiO2/ch_1EhzqRJUgELwbiO2AeakLoOK/rcpt_FCOd0hsq0WYGMHElw6iKNAP1VUZCGA2",
        "refunded": false,
        "refunds": {
            "object": "list",
            "data": [],
            "has_more": false,
            "total_count": 0,
            "url": "/v1/charges/ch_1EhzqRJUgELwbiO2AeakLoOK/refunds"
        },
        "review": null,
        "shipping": null,
        "source": {
            "id": "card_1EhzHJJUgELwbiO2ynYj2xX4",
            "object": "card",
            "address_city": null,
            "address_country": null,
            "address_line1": null,
            "address_line1_check": null,
            "address_line2": null,
            "address_state": null,
            "address_zip": null,
            "address_zip_check": null,
            "brand": "Visa",
            "country": "US",
            "customer": null,
            "cvc_check": null,
            "dynamic_last4": null,
            "exp_month": 8,
            "exp_year": 2020,
            "fingerprint": "dee5R49R8WcMbllB",
            "funding": "credit",
            "last4": "4242",
            "metadata": {},
            "name": "Jenny Rosen",
            "tokenization_method": null
        },
        "source_transfer": null,
        "statement_descriptor": null,
        "status": "succeeded",
        "transfer_data": null,
        "transfer_group": null
    },
    "charges.capture": {
        "id": "ch_1EhzqRJUgELwbiO2AeakLoOK",
        "object": "charge",
        "amount": 100,
        "amount_refunded": 0,
        "application": null,
        "application_fee": null,
        "application_fee_amount": null,
        "balance_transaction": "txn_1EhCe9JUgELwbiO2Vx2QmZ6U",
        "billing_details": {
            "address": {
                "city": null,
                "country": null,
                "line1": null,
                "line2": null,
                "postal_code": null,
                "state": null
            },
            "email": null,
            "name": "Jenny Rosen",
            "phone": null
        },
        "captured": true,
        "created": 1559743923,
        "currency": "gbp",
        "customer": null,
        "description": "My First Test Charge (CAPTURE)",
        "destination": null,
        "dispute": null,
        "failure_code": null,
        "failure_message": null,
        "fraud_details": {},
        "invoice": null,
        "livemode": false,
        "metadata": {},
        "on_behalf_of": null,
        "order": null,
        "outcome": null,
        "paid": true,
        "payment_intent": null,
        "payment_method": "card_1EhzHJJUgELwbiO2ynYj2xX4",
        "payment_method_details": {
            "card": {
                "brand": "visa",
                "checks": {
                    "address_line1_check": null,
                    "address_postal_code_check": null,
                    "cvc_check": null
                },
                "country": "US",
                "description": "Visa Classic",
                "exp_month": 8,
                "exp_year": 2020,
                "fingerprint": "dee5R49R8WcMbllB",
                "funding": "credit",
                "last4": "4242",
                "three_d_secure": null,
                "wallet": null
            },
            "type": "card"
        },
        "receipt_email": null,
        "receipt_number": null,
        "receipt_url": "https://pay.stripe.com/receipts/acct_1EAeaPJUgELwbiO2/ch_1EhzqRJUgELwbiO2AeakLoOK/rcpt_FCOd0hsq0WYGMHElw6iKNAP1VUZCGA2",
        "refunded": false,
        "refunds": {
            "object": "list",
            "data": [],
            "has_more": false,
            "total_count": 0,
            "url": "/v1/charges/ch_1EhzqRJUgELwbiO2AeakLoOK/refunds"
        },
        "review": null,
        "shipping": null,
        "source": {
            "id": "card_1EhzHJJUgELwbiO2ynYj2xX4",
            "object": "card",
            "address_city": null,
            "address_country": null,
            "address_line1": null,
            "address_line1_check": null,
            "address_line2": null,
            "address_state": null,
            "address_zip": null,
            "address_zip_check": null,
            "brand": "Visa",
            "country": "US",
            "customer": null,
            "cvc_check": null,
            "dynamic_last4": null,
            "exp_month": 8,
            "exp_year": 2020,
            "fingerprint": "dee5R49R8WcMbllB",
            "funding": "credit",
            "last4": "4242",
            "metadata": {},
            "name": "Jenny Rosen",
            "tokenization_method": null
        },
        "source_transfer": null,
        "statement_descriptor": null,
        "status": "succeeded",
        "transfer_data": null,
        "transfer_group": null
    },

    "refunds.create": {
        "id": "re_1Ei0YxJUgELwbiO2tdu2cEvz",
        "object": "refund",
        "amount": 100,
        "balance_transaction": null,
        "charge": "ch_1Ei0YwJUgELwbiO2EKiiHJKE",
        "created": 1559746683,
        "currency": "gbp",
        "metadata": {
            "sample": "CREATE"
        },
        "reason": null,
        "receipt_number": null,
        "source_transfer_reversal": null,
        "status": "succeeded",
        "transfer_reversal": null
    },
    "refunds.retrieve": {
        "id": "re_1Ei0YxJUgELwbiO2tdu2cEvz",
        "object": "refund",
        "amount": 100,
        "balance_transaction": null,
        "charge": "ch_1Ei0YwJUgELwbiO2EKiiHJKE",
        "created": 1559746683,
        "currency": "gbp",
        "metadata": {
            "sample": "RETRIEVE"
        },
        "reason": null,
        "receipt_number": null,
        "source_transfer_reversal": null,
        "status": "succeeded",
        "transfer_reversal": null
    },
    "refunds.update": {
        "id": "re_1Ei0YxJUgELwbiO2tdu2cEvz",
        "object": "refund",
        "amount": 100,
        "balance_transaction": null,
        "charge": "ch_1Ei0YwJUgELwbiO2EKiiHJKE",
        "created": 1559746683,
        "currency": "gbp",
        "metadata": {
            "sample": "UPDATE"
        },
        "reason": null,
        "receipt_number": null,
        "source_transfer_reversal": null,
        "status": "succeeded",
        "transfer_reversal": null
    }
}
