<?xml version="1.0" encoding="UTF-8"?>
<metadata xmlns="http://www.demandware.com/xml/impex/metadata/2006-10-31">
    <custom-type type-id="StripeWebhookNotifications">
        <display-name xml:lang="x-default">Stripe Webhook Notifications</display-name>
        <description xml:lang="x-default">​Stripe webhook notification processing</description>
        <staging-mode>no-staging</staging-mode>
        <storage-scope>organization</storage-scope>
        <retention-days>3</retention-days>
        <key-definition attribute-id="stripeEventId">
            <display-name xml:lang="x-default">Event identifier from Stripe Webhook</display-name>
            <type>string</type>
            <min-length>0</min-length>
        </key-definition>
        <attribute-definitions>
            <attribute-definition attribute-id="amount">
                <display-name xml:lang="x-default">Amount of the source to charge</display-name>
                <type>string</type>
                <localizable-flag>false</localizable-flag>
                <mandatory-flag>false</mandatory-flag>
                <externally-managed-flag>false</externally-managed-flag>
                <min-length>0</min-length>
            </attribute-definition>
            <attribute-definition attribute-id="currency">
                <display-name xml:lang="x-default">Currency of the source</display-name>
                <type>string</type>
                <localizable-flag>false</localizable-flag>
                <mandatory-flag>false</mandatory-flag>
                <externally-managed-flag>false</externally-managed-flag>
                <min-length>0</min-length>
            </attribute-definition>
            <attribute-definition attribute-id="dateCreated">
                <display-name xml:lang="x-default">"createdDate" from Webhook</display-name>
                <type>string</type>
                <localizable-flag>false</localizable-flag>
                <mandatory-flag>false</mandatory-flag>
                <externally-managed-flag>false</externally-managed-flag>
                <min-length>0</min-length>
            </attribute-definition>
            <attribute-definition attribute-id="livemode">
                <display-name xml:lang="x-default">Livemode TRUE or FALSE</display-name>
                <type>boolean</type>
                <mandatory-flag>false</mandatory-flag>
                <externally-managed-flag>false</externally-managed-flag>
            </attribute-definition>
            <attribute-definition attribute-id="orderId">
                <display-name xml:lang="x-default">SFCC Order Id</display-name>
                <type>string</type>
                <localizable-flag>false</localizable-flag>
                <mandatory-flag>false</mandatory-flag>
                <externally-managed-flag>false</externally-managed-flag>
                <min-length>0</min-length>
            </attribute-definition>
            <attribute-definition attribute-id="siteId">
                <display-name xml:lang="x-default">SFCC Site Id</display-name>
                <type>string</type>
                <localizable-flag>false</localizable-flag>
                <mandatory-flag>false</mandatory-flag>
                <externally-managed-flag>false</externally-managed-flag>
                <min-length>0</min-length>
            </attribute-definition>
            <attribute-definition attribute-id="processingStatus">
                <display-name xml:lang="x-default">To manage the status of Custom Object Processing</display-name>
                <description xml:lang="x-default">Enum of String (PENDING_CHARGE, PROCESS , PROCESSED, , FAIL_OR_CANCEL, UNKNOWN)</description>
                <type>enum-of-string</type>
                <localizable-flag>false</localizable-flag>
                <mandatory-flag>false</mandatory-flag>
                <externally-managed-flag>false</externally-managed-flag>
                <value-definitions>
                    <value-definition>
                        <display xml:lang="x-default">PENDING_CHARGE</display>
                        <value>PENDING_CHARGE</value>
                    </value-definition>
                    <value-definition>
                        <display xml:lang="x-default">PROCESS</display>
                        <value>PROCESS</value>
                    </value-definition>
                    <value-definition>
                        <display xml:lang="x-default">PROCESSED</display>
                        <value>PROCESSED</value>
                    </value-definition>
                    <value-definition>
                        <display xml:lang="x-default">FAIL_OR_CANCEL</display>
                        <value>FAIL_OR_CANCEL</value>
                    </value-definition>
                    <value-definition>
                        <display xml:lang="x-default">UNKNOWN</display>
                        <value>UNKNOWN</value>
                    </value-definition>
                </value-definitions>
            </attribute-definition>
            <attribute-definition attribute-id="stripeObjectId">
                <display-name xml:lang="x-default">Stripe Object Id</display-name>
                <type>string</type>
                <localizable-flag>false</localizable-flag>
                <mandatory-flag>false</mandatory-flag>
                <externally-managed-flag>false</externally-managed-flag>
                <min-length>0</min-length>
            </attribute-definition>
            <attribute-definition attribute-id="stripeObjectType">
                <display-name xml:lang="x-default">"Charge" or "Source"</display-name>
                <type>string</type>
                <localizable-flag>false</localizable-flag>
                <mandatory-flag>false</mandatory-flag>
                <externally-managed-flag>false</externally-managed-flag>
                <min-length>0</min-length>
            </attribute-definition>
            <attribute-definition attribute-id="stripeSourceId">
                <display-name xml:lang="x-default">For charges, the source id used ot generate charge</display-name>
                <type>string</type>
                <localizable-flag>false</localizable-flag>
                <mandatory-flag>false</mandatory-flag>
                <externally-managed-flag>false</externally-managed-flag>
                <min-length>0</min-length>
            </attribute-definition>
            <attribute-definition attribute-id="stripeType">
                <display-name xml:lang="x-default">"type" from Stripe event</display-name>
                <type>string</type>
                <localizable-flag>false</localizable-flag>
                <mandatory-flag>false</mandatory-flag>
                <externally-managed-flag>false</externally-managed-flag>
                <min-length>0</min-length>
            </attribute-definition>
            <attribute-definition attribute-id="stripePaymentIntentID">
                <display-name xml:lang="x-default">Stripe Payment Intent ID</display-name>
                <description xml:lang="x-default">Stripe Payment Intent ID</description>
                <type>string</type>
                <mandatory-flag>false</mandatory-flag>
                <externally-managed-flag>false</externally-managed-flag>
            </attribute-definition>
            <attribute-definition attribute-id="stripeWebhookData">
                <display-name xml:lang="x-default">The full payload of the JSON (for troubleshooting)</display-name>
                <type>text</type>
                <localizable-flag>false</localizable-flag>
                <mandatory-flag>false</mandatory-flag>
                <externally-managed-flag>false</externally-managed-flag>
            </attribute-definition>
        </attribute-definitions>
        <group-definitions>
            <attribute-group group-id="General">
                <display-name xml:lang="x-default">General</display-name>
                <attribute attribute-id="currency"/>
                <attribute attribute-id="dateCreated"/>
                <attribute attribute-id="siteId"/>
                <attribute attribute-id="orderId"/>
                <attribute attribute-id="processingStatus"/>
                <attribute attribute-id="stripeEventId"/>
                <attribute attribute-id="creationDate" system="true"/>
                <attribute attribute-id="stripeSourceId"/>
                <attribute attribute-id="livemode"/>
                <attribute attribute-id="amount"/>
                <attribute attribute-id="stripeType"/>
                <attribute attribute-id="lastModified" system="true"/>
                <attribute attribute-id="stripeObjectType"/>
                <attribute attribute-id="stripeObjectId"/>
                <attribute attribute-id="stripePaymentIntentID"/>
                <attribute attribute-id="stripeWebhookData"/>
            </attribute-group>
        </group-definitions>
    </custom-type>
</metadata>
