<?xml version="1.0" encoding="UTF-8"?>
<metadata xmlns="http://www.demandware.com/xml/impex/metadata/2006-10-31">
    <type-extension type-id="OrderPaymentInstrument">
        <custom-attribute-definitions>
            <attribute-definition attribute-id="stripeCardID">
                <display-name xml:lang="x-default">Stripe Card ID</display-name>
                <type>string</type>
                <mandatory-flag>false</mandatory-flag>
                <externally-managed-flag>false</externally-managed-flag>
                <min-length>0</min-length>
            </attribute-definition>
            <attribute-definition attribute-id="stripeChargeID">
                <display-name xml:lang="x-default">Stripe Charge ID</display-name>
                <type>string</type>
                <mandatory-flag>false</mandatory-flag>
                <externally-managed-flag>false</externally-managed-flag>
                <min-length>0</min-length>
            </attribute-definition>
            <attribute-definition attribute-id="stripeCustomerID">
                <display-name xml:lang="x-default">Stripe Customer ID</display-name>
                <type>string</type>
                <mandatory-flag>false</mandatory-flag>
                <externally-managed-flag>false</externally-managed-flag>
                <min-length>0</min-length>
            </attribute-definition>
            <attribute-definition attribute-id="stripeDefaultCard">
                <display-name xml:lang="x-default">Stripe Default Card</display-name>
                <type>boolean</type>
                <mandatory-flag>false</mandatory-flag>
                <externally-managed-flag>false</externally-managed-flag>
            </attribute-definition>
            <attribute-definition attribute-id="stripePRUsed">
                <display-name xml:lang="x-default">From Payment Request Button</display-name>
                <description xml:lang="x-default">If this is true, it was either google or apple pay</description>
                <type>boolean</type>
                <mandatory-flag>false</mandatory-flag>
                <externally-managed-flag>false</externally-managed-flag>
            </attribute-definition>
            <attribute-definition attribute-id="stripeSavePaymentInstrument">
                <display-name xml:lang="x-default">Save Payment Instrument</display-name>
                <type>boolean</type>
                <mandatory-flag>false</mandatory-flag>
                <externally-managed-flag>false</externally-managed-flag>
            </attribute-definition>
            <attribute-definition attribute-id="stripeSourceID">
                <display-name xml:lang="x-default">Stripe Source/Payment Method ID</display-name>
                <type>string</type>
                <mandatory-flag>false</mandatory-flag>
                <externally-managed-flag>false</externally-managed-flag>
                <min-length>0</min-length>
            </attribute-definition>
            <attribute-definition attribute-id="stripeCustomerID">
                <display-name xml:lang="x-default">Stripe Customer ID</display-name>
                <type>string</type>
                <mandatory-flag>false</mandatory-flag>
                <externally-managed-flag>false</externally-managed-flag>
                <min-length>0</min-length>
            </attribute-definition>
            <attribute-definition attribute-id="stripeSavePaymentForReAuthorise">
                <display-name xml:lang="x-default">Save Payment Instrument for re-authorise payments post 7 days on Stripe</display-name>
                <type>boolean</type>
                <mandatory-flag>false</mandatory-flag>
                <externally-managed-flag>false</externally-managed-flag>
            </attribute-definition>
        </custom-attribute-definitions>
    </type-extension>

    <type-extension type-id="Profile">
        <custom-attribute-definitions>
            <attribute-definition attribute-id="stripeCustomerID">
                <display-name xml:lang="x-default">Stripe Customer ID</display-name>
                <type>string</type>
                <mandatory-flag>false</mandatory-flag>
                <externally-managed-flag>false</externally-managed-flag>
                <min-length>0</min-length>
            </attribute-definition>
        </custom-attribute-definitions>
        <group-definitions>
            <attribute-group group-id="Stripe">
                <display-name xml:lang="x-default">Stripe</display-name>
                <attribute attribute-id="stripeCustomerID"/>
            </attribute-group>
        </group-definitions>
    </type-extension>

    <type-extension type-id="SitePreferences">
        <custom-attribute-definitions>
            <attribute-definition attribute-id="applePayVerificationString">
                <display-name xml:lang="x-default">ApplePay Verification String</display-name>
                <description xml:lang="x-default">The Stripe console will proxy the Apple Pay for Web verification&#13;
                    String upon setup. &#13;
                    This will need to be configured into the sandbox.</description>
                <type>text</type>
                <mandatory-flag>false</mandatory-flag>
                <externally-managed-flag>false</externally-managed-flag>
                <min-length>0</min-length>
            </attribute-definition>
            <attribute-definition attribute-id="stripeAccountCountryCode">
                <display-name xml:lang="x-default">Country Code (Stripe Payment Request Button)</display-name>
                <type>string</type>
                <mandatory-flag>false</mandatory-flag>
                <externally-managed-flag>false</externally-managed-flag>
                <min-length>0</min-length>
                <default-value>US</default-value>
            </attribute-definition>
            <attribute-definition attribute-id="stripeAccountId">
                <display-name xml:lang="x-default">stripeAccountId</display-name>
                <type>string</type>
                <mandatory-flag>false</mandatory-flag>
                <externally-managed-flag>false</externally-managed-flag>
                <min-length>0</min-length>
            </attribute-definition>
            <attribute-definition attribute-id="stripeAccountType">
                <display-name xml:lang="x-default">stripeAccountType</display-name>
                <type>enum-of-string</type>
                <mandatory-flag>false</mandatory-flag>
                <externally-managed-flag>false</externally-managed-flag>
                <value-definitions>
                    <value-definition default="true">
                        <display xml:lang="x-default">STRIPE_TEST</display>
                        <value>STRIPE_TEST</value>
                    </value-definition>
                    <value-definition>
                        <display xml:lang="x-default">STRIPE_LIVE</display>
                        <value>STRIPE_LIVE</value>
                    </value-definition>
                </value-definitions>
            </attribute-definition>
            <attribute-definition attribute-id="stripeAllowedWebHookStatuses">
                <display-name xml:lang="x-default">Stripe Allowed WebHook Statuses</display-name>
                <description xml:lang="x-default">If webhook status match status that in this configuration, webhook data will be stored in Custom Object.</description>
                <type>set-of-string</type>
                <mandatory-flag>false</mandatory-flag>
                <externally-managed-flag>false</externally-managed-flag>
            </attribute-definition>
            <attribute-definition attribute-id="stripeApiKey">
                <display-name xml:lang="x-default">Stripe API Key</display-name>
                <type>string</type>
                <mandatory-flag>false</mandatory-flag>
                <externally-managed-flag>false</externally-managed-flag>
                <min-length>0</min-length>
            </attribute-definition>
            <attribute-definition attribute-id="stripeApiURL">
                <display-name xml:lang="x-default">stripeApiURL</display-name>
                <type>string</type>
                <mandatory-flag>false</mandatory-flag>
                <externally-managed-flag>false</externally-managed-flag>
                <min-length>0</min-length>
                <default-value>https://js.stripe.com/v3/</default-value>
            </attribute-definition>
            <attribute-definition attribute-id="stripeCardElementCSSStyle">
                <display-name xml:lang="x-default">stripeCardElementCSSStyle</display-name>
                <description xml:lang="x-default">Style Configuration for Stripe Elements</description>
                <type>string</type>
                <mandatory-flag>false</mandatory-flag>
                <externally-managed-flag>false</externally-managed-flag>
                <min-length>0</min-length>
            </attribute-definition>
            <attribute-definition attribute-id="stripeChargeCapture">
                <display-name xml:lang="x-default">Capture Funds on Stripe Charge?</display-name>
                <description xml:lang="x-default">Capture Funds on Stripe Charge? true = Capture, false = Authorization</description>
                <type>boolean</type>
                <mandatory-flag>false</mandatory-flag>
                <externally-managed-flag>false</externally-managed-flag>
                <default-value>true</default-value>
            </attribute-definition>
            <attribute-definition attribute-id="stripeSaveCustomerCards">
                <display-name xml:lang="x-default">Save Customer Cards</display-name>
                <description xml:lang="x-default">Save Guest Customer Cards on Stripe side for re-Authorization</description>
                <type>enum-of-string</type>
                <mandatory-flag>false</mandatory-flag>
                <externally-managed-flag>false</externally-managed-flag>
                <select-multiple-flag>false</select-multiple-flag>
                <value-definitions>
                    <value-definition>
                        <display xml:lang="x-default">Always save cards</display>
                        <value>always</value>
                    </value-definition>
                    <value-definition>
                        <display xml:lang="x-default">Ask the customer</display>
                        <value>ask</value>
                    </value-definition>
                    <value-definition default="true">
                        <display xml:lang="x-default">Disabled</display>
                        <value>disabled</value>
                    </value-definition>
                </value-definitions>
            </attribute-definition>
            <attribute-definition attribute-id="stripeEnabled">
                <display-name xml:lang="x-default">Stripe Enabled</display-name>
                <description xml:lang="x-default">Enables or disables the cartridge</description>
                <type>boolean</type>
                <mandatory-flag>false</mandatory-flag>
                <externally-managed-flag>false</externally-managed-flag>
                <default-value>true</default-value>
            </attribute-definition>
            <attribute-definition attribute-id="stripePaymentElementStyle">
                <display-name xml:lang="x-default">Stripe Payment Element Style</display-name>
                <description xml:lang="x-default">Style Configuration for Stripe Payment Elements</description>
                <type>string</type>
                <mandatory-flag>false</mandatory-flag>
                <externally-managed-flag>false</externally-managed-flag>
                <min-length>0</min-length>
            </attribute-definition>
            <attribute-definition attribute-id="stripePaymentRequestButtonStyle">
                <display-name xml:lang="x-default">Stripe Payment Request Button Style</display-name>
                <description xml:lang="x-default">Configurable Style Options for the Button&#13;
                    type: 'default' &#13;
                    theme: 'light, &#13;
                    height: '40px',</description>
                <type>string</type>
                <mandatory-flag>false</mandatory-flag>
                <externally-managed-flag>false</externally-managed-flag>
                <min-length>0</min-length>
            </attribute-definition>
            <attribute-definition attribute-id="stripePublicKey">
                <display-name xml:lang="x-default">Stripe Publishable Key</display-name>
                <type>string</type>
                <mandatory-flag>false</mandatory-flag>
                <externally-managed-flag>false</externally-managed-flag>
                <min-length>0</min-length>
            </attribute-definition>
            <attribute-definition attribute-id="stripeWebhookSigningSecret">
                <display-name xml:lang="x-default">Stripe Webhook Signing Secret</display-name>
                <description xml:lang="x-default">Stripe will sign webhook calls and pass a validation to SFCC. SFCC will validate the contents of the message via this key.</description>
                <type>string</type>
                <mandatory-flag>false</mandatory-flag>
                <externally-managed-flag>false</externally-managed-flag>
                <min-length>0</min-length>
            </attribute-definition>
            <attribute-definition attribute-id="stripeIsSFRA">
                <display-name xml:lang="x-default">Is this SFRA instalation</display-name>
                <type>boolean</type>
                <mandatory-flag>true</mandatory-flag>
                <externally-managed-flag>false</externally-managed-flag>
                <default-value>false</default-value>
            </attribute-definition>
            <attribute-definition attribute-id="stripeAllowedAPMMethods">
                <display-name xml:lang="x-default">Allowed APM Methods</display-name>
                <description xml:lang="x-default">Enumeration of allowed Payment Methods from the Stripe API.&#13;
&#13;
See more here:  https://stripe.com/docs/sources&#13;
&#13;
{&#13;
  "default": [&#13;
    "p24",&#13;
    "eps",&#13;
    "sepa_debit",&#13;
    "ideal",&#13;
    "sofort",&#13;
    "bitcoin",&#13;
    "alipay",&#13;
    "bancontact",&#13;
    "giropay"&#13;
  ],&#13;
  "en_UK": [&#13;
    "p24",&#13;
    "eps"&#13;
    ],&#13;
  "de_AT": [&#13;
    "sofort",&#13;
    "ideal"&#13;
    ]&#13;
  }</description>
                <type>text</type>
                <mandatory-flag>false</mandatory-flag>
                <externally-managed-flag>false</externally-managed-flag>
            </attribute-definition>
            <attribute-definition attribute-id="stripeCustomCreditCardForm">
                <display-name xml:lang="x-default">Custom Credit Card Form</display-name>
                <type>boolean</type>
                <mandatory-flag>false</mandatory-flag>
                <externally-managed-flag>false</externally-managed-flag>
                <default-value>false</default-value>
            </attribute-definition>
            <attribute-definition attribute-id="stripeUpdateInvoiceOnRefundWebhook">
                <display-name xml:lang="x-default">Update SFCC Invoice on Stripe charge.refunded Webhook notification</display-name>
                <type>boolean</type>
                <mandatory-flag>false</mandatory-flag>
                <externally-managed-flag>false</externally-managed-flag>
                <default-value>false</default-value>
            </attribute-definition>
            <attribute-definition attribute-id="stripePaymentMethodsInBeta">
                <display-name xml:lang="x-default">Stripe Payment Methods in Beta</display-name>
                <description xml:lang="x-default">Stripe Payment Methods which are still in early release</description>
                <type>set-of-string</type>
                <mandatory-flag>false</mandatory-flag>
                <externally-managed-flag>false</externally-managed-flag>
            </attribute-definition>
            <attribute-definition attribute-id="stripeApiVersion">
                <display-name xml:lang="x-default">Stripe API Version</display-name>
                <type>string</type>
                <mandatory-flag>false</mandatory-flag>
                <externally-managed-flag>false</externally-managed-flag>
                <min-length>0</min-length>
                <default-value>2020-08-27</default-value>
            </attribute-definition>
            <attribute-definition attribute-id="stripePaymentElementsSavePayments">
                <display-name xml:lang="x-default">Stripe Payment Element: Enable Save Payment Method for Future Purchases</display-name>
                <description xml:lang="x-default">Stripe Payment Element: Enable Save Payment Method for Future Purchases</description>
                <type>boolean</type>
                <mandatory-flag>false</mandatory-flag>
                <externally-managed-flag>false</externally-managed-flag>
                <default-value>true</default-value>
            </attribute-definition>

            <attribute-definition attribute-id="stripeDisplayRiskScoreData">
                <display-name xml:lang="x-default">Display Risk Score Data</display-name>
                <description xml:lang="x-default">Display Risk Score Data</description>
                <type>boolean</type>
                <mandatory-flag>false</mandatory-flag>
                <externally-managed-flag>false</externally-managed-flag>
                <default-value>true</default-value>
            </attribute-definition>
        </custom-attribute-definitions>
        <group-definitions>
            <attribute-group group-id="Stripe Configs">
                <display-name xml:lang="x-default">Stripe Configurations</display-name>
                <attribute attribute-id="stripeApiKey"/>
                <attribute attribute-id="stripePublicKey"/>
                <attribute attribute-id="stripeIsSFRA"/>
                <attribute attribute-id="stripeChargeCapture"/>
                <attribute attribute-id="stripeCardElementCSSStyle"/>
                <attribute attribute-id="stripeApiURL"/>
                <attribute attribute-id="stripePaymentRequestButtonStyle"/>
                <attribute attribute-id="applePayVerificationString"/>
                <attribute attribute-id="stripeAccountCountryCode"/>
                <attribute attribute-id="stripeWebhookSigningSecret"/>
                <attribute attribute-id="stripeAllowedWebHookStatuses"/>
                <attribute attribute-id="stripeAllowedAPMMethods"/>
                <attribute attribute-id="stripeSaveCustomerCards"/>
                <attribute attribute-id="stripeEnabled"/>
                <attribute attribute-id="stripeCustomCreditCardForm"/>
                <attribute attribute-id="stripeUpdateInvoiceOnRefundWebhook"/>
                <attribute attribute-id="stripePaymentMethodsInBeta"/>
                <attribute attribute-id="stripeApiVersion"/>
                <attribute attribute-id="stripeAccountId"/>
                <attribute attribute-id="stripeAccountType"/>
                <attribute attribute-id="stripePaymentElementStyle"/>
                <attribute attribute-id="stripePaymentElementsSavePayments"/>
                <attribute attribute-id="stripeDisplayRiskScoreData"/>
            </attribute-group>
        </group-definitions>
    </type-extension>

    <type-extension type-id="PaymentTransaction">
        <custom-attribute-definitions>
            <attribute-definition attribute-id="stripeAccountId">
                <display-name xml:lang="x-default">Stripe Account Id</display-name>
                <description xml:lang="x-default">ID of the account to which the transactionId refers</description>
                <type>string</type>
                <mandatory-flag>false</mandatory-flag>
                <externally-managed-flag>false</externally-managed-flag>
                <min-length>0</min-length>
            </attribute-definition>
            <attribute-definition attribute-id="stripeAccountType">
                <display-name xml:lang="x-default">Stripe Account Type</display-name>
                <description xml:lang="x-default">Type of account to which the transactionId refers</description>
                <type>string</type>
                <mandatory-flag>false</mandatory-flag>
                <externally-managed-flag>false</externally-managed-flag>
                <min-length>0</min-length>
            </attribute-definition>
            <attribute-definition attribute-id="stripeChargeId">
                <display-name xml:lang="x-default">Stripe charge id</display-name>
                <type>string</type>
                <mandatory-flag>false</mandatory-flag>
                <externally-managed-flag>false</externally-managed-flag>
                <min-length>0</min-length>
            </attribute-definition>
            <attribute-definition attribute-id="stripeChargeOutcomeData">
                <display-name xml:lang="x-default">Stripe Charge Outcome Data</display-name>
                <type>text</type>
                <mandatory-flag>false</mandatory-flag>
                <externally-managed-flag>false</externally-managed-flag>
            </attribute-definition>
            <attribute-definition attribute-id="stripeClientSecret">
                <display-name xml:lang="x-default">Stripe Client Secret</display-name>
                <type>string</type>
                <mandatory-flag>false</mandatory-flag>
                <externally-managed-flag>false</externally-managed-flag>
                <min-length>0</min-length>
            </attribute-definition>
            <attribute-definition attribute-id="stripeJsonData">
                <display-name xml:lang="x-default">Stripe Json Response Data</display-name>
                <type>text</type>
                <mandatory-flag>false</mandatory-flag>
                <externally-managed-flag>false</externally-managed-flag>
            </attribute-definition>
            <attribute-definition attribute-id="stripeOrderNumber">
                <display-name xml:lang="x-default">Stripe Order Number</display-name>
                <type>string</type>
                <mandatory-flag>false</mandatory-flag>
                <externally-managed-flag>false</externally-managed-flag>
                <min-length>0</min-length>
            </attribute-definition>
            <attribute-definition attribute-id="stripeSourceCanCharge">
                <display-name xml:lang="x-default">Stripe Source can be charged</display-name>
                <description xml:lang="x-default">Working only for selected sources.</description>
                <type>boolean</type>
                <mandatory-flag>false</mandatory-flag>
                <externally-managed-flag>false</externally-managed-flag>
            </attribute-definition>
            <attribute-definition attribute-id="stripeSourceId">
                <display-name xml:lang="x-default">Stripe Source id</display-name>
                <type>string</type>
                <mandatory-flag>false</mandatory-flag>
                <externally-managed-flag>false</externally-managed-flag>
                <min-length>0</min-length>
            </attribute-definition>
        </custom-attribute-definitions>
        <group-definitions>
            <attribute-group group-id="StripeChargeData">
                <display-name xml:lang="x-default">StripeChargeData</display-name>
                <attribute attribute-id="stripeChargeOutcomeData"/>
                <attribute attribute-id="stripeChargeId"/>
            </attribute-group>
            <attribute-group group-id="StripeSourceData">
                <display-name xml:lang="x-default">StripeSourceData</display-name>
                <attribute attribute-id="stripeClientSecret"/>
                <attribute attribute-id="stripeSourceCanCharge"/>
                <attribute attribute-id="stripeJsonData"/>
                <attribute attribute-id="stripeSourceId"/>
            </attribute-group>
        </group-definitions>
    </type-extension>

    <type-extension type-id="Basket">
        <custom-attribute-definitions>
            <attribute-definition attribute-id="stripeIsPaymentIntentInReview">
                <display-name xml:lang="x-default">Stripe payment intent in review</display-name>
                <description xml:lang="x-default">Stripe payment intent in review</description>
                <type>boolean</type>
                <mandatory-flag>false</mandatory-flag>
                <externally-managed-flag>false</externally-managed-flag>
            </attribute-definition>
            <attribute-definition attribute-id="stripeCustomerID">
                <display-name xml:lang="x-default">Stripe Customer ID</display-name>
                <description xml:lang="x-default">Stripe ACH Debit Customer ID</description>
                <type>string</type>
                <mandatory-flag>false</mandatory-flag>
                <externally-managed-flag>false</externally-managed-flag>
            </attribute-definition>
            <attribute-definition attribute-id="stripePaymentSourceID">
                <display-name xml:lang="x-default">Stripe Payment Source ID</display-name>
                <description xml:lang="x-default">Stripe Payment Source ID</description>
                <type>string</type>
                <mandatory-flag>false</mandatory-flag>
                <externally-managed-flag>false</externally-managed-flag>
            </attribute-definition>
            <attribute-definition attribute-id="stripePaymentIntentID">
                <display-name xml:lang="x-default">Stripe Payment Intent ID</display-name>
                <description xml:lang="x-default">Stripe Payment Intent ID</description>
                <type>string</type>
                <mandatory-flag>false</mandatory-flag>
                <externally-managed-flag>false</externally-managed-flag>
            </attribute-definition>
            <attribute-definition attribute-id="stripeRiskLevel">
                <display-name xml:lang="x-default">Stripe Risk Level</display-name>
                <description xml:lang="x-default">Stripe Risk Level</description>
                <type>string</type>
                <mandatory-flag>false</mandatory-flag>
                <externally-managed-flag>false</externally-managed-flag>
            </attribute-definition>
            <attribute-definition attribute-id="stripeRiskScore">
                <display-name xml:lang="x-default">Stripe Risk Score</display-name>
                <description xml:lang="x-default">Stripe Risk Score</description>
                <type>string</type>
                <mandatory-flag>false</mandatory-flag>
                <externally-managed-flag>false</externally-managed-flag>
            </attribute-definition>
        </custom-attribute-definitions>
    </type-extension>

    <type-extension type-id="Order">
        <custom-attribute-definitions>
            <attribute-definition attribute-id="stripeIsPaymentIntentInReview">
                <display-name xml:lang="x-default">Stripe payment intent in review</display-name>
                <description xml:lang="x-default">Stripe payment intent in review</description>
                <type>boolean</type>
                <mandatory-flag>false</mandatory-flag>
                <externally-managed-flag>false</externally-managed-flag>
            </attribute-definition>
            <attribute-definition attribute-id="stripeCustomerID">
                <display-name xml:lang="x-default">Stripe Customer ID</display-name>
                <description xml:lang="x-default">Stripe Customer ID</description>
                <type>string</type>
                <mandatory-flag>false</mandatory-flag>
                <externally-managed-flag>false</externally-managed-flag>
            </attribute-definition>
            <attribute-definition attribute-id="stripePaymentSourceID">
                <display-name xml:lang="x-default">Stripe Payment Source ID</display-name>
                <description xml:lang="x-default">Stripe Payment Source ID</description>
                <type>string</type>
                <mandatory-flag>false</mandatory-flag>
                <externally-managed-flag>false</externally-managed-flag>
            </attribute-definition>
            <attribute-definition attribute-id="stripePaymentIntentID">
                <display-name xml:lang="x-default">Stripe Payment Intent ID</display-name>
                <description xml:lang="x-default">Stripe Payment Intent ID</description>
                <type>string</type>
                <mandatory-flag>false</mandatory-flag>
                <externally-managed-flag>true</externally-managed-flag>
            </attribute-definition>
            <attribute-definition attribute-id="stripeRiskLevel">
                <display-name xml:lang="x-default">Stripe Risk Level</display-name>
                <description xml:lang="x-default">Stripe Risk Level</description>
                <type>string</type>
                <mandatory-flag>false</mandatory-flag>
                <externally-managed-flag>true</externally-managed-flag>
            </attribute-definition>
            <attribute-definition attribute-id="stripeRiskScore">
                <display-name xml:lang="x-default">Stripe Risk Score</display-name>
                <description xml:lang="x-default">Stripe Risk Score</description>
                <type>string</type>
                <mandatory-flag>false</mandatory-flag>
                <externally-managed-flag>true</externally-managed-flag>
            </attribute-definition>
        </custom-attribute-definitions>
        <group-definitions>
            <attribute-group group-id="Stripe Payment Intent">
                <display-name xml:lang="x-default">Stripe Payment Intent</display-name>
                <attribute attribute-id="stripeIsPaymentIntentInReview"/>
                <attribute attribute-id="stripeCustomerID"/>
                <attribute attribute-id="stripePaymentSourceID"/>
                <attribute attribute-id="stripePaymentIntentID"/>
                <attribute attribute-id="stripeRiskLevel"/>
                <attribute attribute-id="stripeRiskScore"/>
            </attribute-group>
        </group-definitions>
    </type-extension>
</metadata>
