{
  "step-types": {
    "script-module-step": [
      {
        "@type-id": "custom.checkOrderStatusOpenPay",
        "@supports-parallel-execution": "false",
        "@supports-site-context": "true",
        "@supports-organization-context": "false",
        "description": "Check order status in OpenPay via API",
        "module": "int_openpay/cartridge/scripts/openpay/orderStatus.js",
        "function": "execute",
        "transactional": "true",
        "timeout-in-seconds": "900",
        "parameters": {},
        "status-codes": {
          "status": [
            {
              "@code": "ERROR",
              "description": "An error occurs, please re-run the job or contact Support"
            },
            {
              "@code": "FINISHED",
              "description": "All orders were checked"
            }
          ]
        }
      }
    ]
  }
}
